P@5,P@10,P@30,P@50,AbsTagCov@5,AbsTagCov@10,AbsTagCov@30,AbsTagCov@50,RelTagCov@5,RelTagCov@10,RelTagCov@30,RelTagCov@50,Entropy@5,Entropy@10,Entropy@30,Entropy@50
0.45400313971742506,0.3893249607535323,0.2445316588173732,0.19554160125588674,113.5149136577708,205.65149136577708,530.1334379905809,776.0989010989011,8.456604558073646,16.703187925096188,47.24504138938009,71.48172718018198,4.47233843819265,5.077554026928019,5.99567377779836,6.3277901558165
0.05557299843014124,0.0585557299843016,0.06043956043956065,0.06081632653061217,151.16640502354787,282.42072213500785,685.6514913657771,997.3296703296703,14.541330643319148,26.971007759409694,66.52842992838563,96.77502012820904,4.907641205090438,5.544184876647447,6.349909344778557,6.646848009530711
