P@5,P@10,P@30,P@50,AbsTagCov@5,AbsTagCov@10,AbsTagCov@30,AbsTagCov@50,RelTagCov@5,RelTagCov@10,RelTagCov@30,RelTagCov@50,Entropy@5,Entropy@10,Entropy@30,Entropy@50
0.7786499215070701,0.46483516483516507,0.23830455259026662,0.1835792778649921,70.13971742543171,203.04552590266877,592.2229199372057,889.1240188383046,4.0735455404733845,16.13230252629617,51.60533747012778,80.2700548664662,3.7971811052723115,5.026520677775036,6.102523362608461,6.456060139733689
0.05557299843014124,0.0585557299843016,0.06043956043956065,0.06081632653061217,151.16640502354787,282.42072213500785,685.6514913657771,997.3296703296703,14.541330643319148,26.971007759409694,66.52842992838563,96.77502012820904,4.907641205090438,5.544184876647447,6.349909344778557,6.646848009530711
